<?xml version="1.0" encoding="UTF-8" ?>
<!DOCTYPE mapper
PUBLIC "-//mybatis.org//DTD Mapper 3.0//EN"
"http://mybatis.org/dtd/mybatis-3-mapper.dtd">
<mapper namespace="com.ruoyi.manage.mapper.BookMapper">
    
    <resultMap type="Book" id="BookResult">
        <result property="id"    column="id"    />
        <result property="bookName"    column="book_name"    />
        <result property="coverImage"    column="cover_image"    />
        <result property="author"    column="author"    />
        <result property="publisher"    column="publisher"    />
        <result property="publishDate"    column="publish_date"    />
        <result property="price"    column="price"    />
        <result property="quantity"    column="quantity"    />
        <result property="regionId"    column="region_id"    />
        <result property="categoryId"    column="category_id"    />
        <result property="createTime"    column="create_time"    />
        <result property="dateTime"    column="date_time"    />
        <result property="createBy"    column="create_by"    />
        <result property="updateBy"    column="update_by"    />
        <result property="remark"    column="remark"    />
    </resultMap>

    <sql id="selectBookVo">
        select id, book_name, cover_image, author, publisher, publish_date, price, quantity, region_id, category_id, create_time, date_time, create_by, update_by, remark from tb_book
    </sql>

    <select id="selectBookList" parameterType="Book" resultMap="BookResult">
        <include refid="selectBookVo"/>
        <where>  
            <if test="bookName != null  and bookName != ''"> and book_name like concat('%', #{bookName}, '%')</if>
            <if test="coverImage != null  and coverImage != ''"> and cover_image = #{coverImage}</if>
            <if test="author != null  and author != ''"> and author = #{author}</if>
            <if test="publisher != null  and publisher != ''"> and publisher = #{publisher}</if>
            <if test="publishDate != null "> and publish_date = #{publishDate}</if>
            <if test="price != null "> and price = #{price}</if>
            <if test="quantity != null "> and quantity = #{quantity}</if>
            <if test="regionId != null "> and region_id = #{regionId}</if>
            <if test="categoryId != null "> and category_id = #{categoryId}</if>
            <if test="dateTime != null "> and date_time = #{dateTime}</if>
        </where>
    </select>
    
    <select id="selectBookById" parameterType="Long" resultMap="BookResult">
        <include refid="selectBookVo"/>
        where id = #{id}
    </select>

    <insert id="insertBook" parameterType="Book" useGeneratedKeys="true" keyProperty="id">
        insert into tb_book
        <trim prefix="(" suffix=")" suffixOverrides=",">
            <if test="bookName != null and bookName != ''">book_name,</if>
            <if test="coverImage != null">cover_image,</if>
            <if test="author != null and author != ''">author,</if>
            <if test="publisher != null and publisher != ''">publisher,</if>
            <if test="publishDate != null">publish_date,</if>
            <if test="price != null">price,</if>
            <if test="quantity != null">quantity,</if>
            <if test="regionId != null">region_id,</if>
            <if test="categoryId != null">category_id,</if>
            <if test="createTime != null">create_time,</if>
            <if test="dateTime != null">date_time,</if>
            <if test="createBy != null">create_by,</if>
            <if test="updateBy != null">update_by,</if>
            <if test="remark != null">remark,</if>
         </trim>
        <trim prefix="values (" suffix=")" suffixOverrides=",">
            <if test="bookName != null and bookName != ''">#{bookName},</if>
            <if test="coverImage != null">#{coverImage},</if>
            <if test="author != null and author != ''">#{author},</if>
            <if test="publisher != null and publisher != ''">#{publisher},</if>
            <if test="publishDate != null">#{publishDate},</if>
            <if test="price != null">#{price},</if>
            <if test="quantity != null">#{quantity},</if>
            <if test="regionId != null">#{regionId},</if>
            <if test="categoryId != null">#{categoryId},</if>
            <if test="createTime != null">#{createTime},</if>
            <if test="dateTime != null">#{dateTime},</if>
            <if test="createBy != null">#{createBy},</if>
            <if test="updateBy != null">#{updateBy},</if>
            <if test="remark != null">#{remark},</if>
         </trim>
    </insert>

    <update id="updateBook" parameterType="Book">
        update tb_book
        <trim prefix="SET" suffixOverrides=",">
            <if test="bookName != null and bookName != ''">book_name = #{bookName},</if>
            <if test="coverImage != null">cover_image = #{coverImage},</if>
            <if test="author != null and author != ''">author = #{author},</if>
            <if test="publisher != null and publisher != ''">publisher = #{publisher},</if>
            <if test="publishDate != null">publish_date = #{publishDate},</if>
            <if test="price != null">price = #{price},</if>
            <if test="quantity != null">quantity = #{quantity},</if>
            <if test="regionId != null">region_id = #{regionId},</if>
            <if test="categoryId != null">category_id = #{categoryId},</if>
            <if test="createTime != null">create_time = #{createTime},</if>
            <if test="dateTime != null">date_time = #{dateTime},</if>
            <if test="createBy != null">create_by = #{createBy},</if>
            <if test="updateBy != null">update_by = #{updateBy},</if>
            <if test="remark != null">remark = #{remark},</if>
        </trim>
        where id = #{id}
    </update>

    <delete id="deleteBookById" parameterType="Long">
        delete from tb_book where id = #{id}
    </delete>

    <delete id="deleteBookByIds" parameterType="String">
        delete from tb_book where id in 
        <foreach item="id" collection="array" open="(" separator="," close=")">
            #{id}
        </foreach>
    </delete>
</mapper>