<?xml version="1.0" encoding="UTF-8" ?>
<!DOCTYPE mapper
PUBLIC "-//mybatis.org//DTD Mapper 3.0//EN"
"http://mybatis.org/dtd/mybatis-3-mapper.dtd">
<mapper namespace="com.ruoyi.manage.mapper.CategoryMapper">
    
    <resultMap type="Category" id="CategoryResult">
        <result property="id"    column="id"    />
        <result property="categoryName"    column="category_name"    />
        <result property="createTime"    column="create_time"    />
        <result property="dateTime"    column="date_time"    />
        <result property="createBy"    column="create_by"    />
        <result property="updateBy"    column="update_by"    />
        <result property="remark"    column="remark"    />
    </resultMap>

    <sql id="selectCategoryVo">
        select id, category_name, create_time, date_time, create_by, update_by, remark from tb_category
    </sql>

    <select id="selectCategoryList" parameterType="Category" resultMap="CategoryResult">
        <include refid="selectCategoryVo"/>
        <where>  
            <if test="categoryName != null  and categoryName != ''"> and category_name like concat('%', #{categoryName}, '%')</if>
        </where>
    </select>
    
    <select id="selectCategoryById" parameterType="Long" resultMap="CategoryResult">
        <include refid="selectCategoryVo"/>
        where id = #{id}
    </select>

    <insert id="insertCategory" parameterType="Category" useGeneratedKeys="true" keyProperty="id">
        insert into tb_category
        <trim prefix="(" suffix=")" suffixOverrides=",">
            <if test="categoryName != null and categoryName != ''">category_name,</if>
            <if test="createTime != null">create_time,</if>
            <if test="dateTime != null">date_time,</if>
            <if test="createBy != null">create_by,</if>
            <if test="updateBy != null">update_by,</if>
            <if test="remark != null">remark,</if>
         </trim>
        <trim prefix="values (" suffix=")" suffixOverrides=",">
            <if test="categoryName != null and categoryName != ''">#{categoryName},</if>
            <if test="createTime != null">#{createTime},</if>
            <if test="dateTime != null">#{dateTime},</if>
            <if test="createBy != null">#{createBy},</if>
            <if test="updateBy != null">#{updateBy},</if>
            <if test="remark != null">#{remark},</if>
         </trim>
    </insert>

    <update id="updateCategory" parameterType="Category">
        update tb_category
        <trim prefix="SET" suffixOverrides=",">
            <if test="categoryName != null and categoryName != ''">category_name = #{categoryName},</if>
            <if test="createTime != null">create_time = #{createTime},</if>
            <if test="dateTime != null">date_time = #{dateTime},</if>
            <if test="createBy != null">create_by = #{createBy},</if>
            <if test="updateBy != null">update_by = #{updateBy},</if>
            <if test="remark != null">remark = #{remark},</if>
        </trim>
        where id = #{id}
    </update>

    <delete id="deleteCategoryById" parameterType="Long">
        delete from tb_category where id = #{id}
    </delete>

    <delete id="deleteCategoryByIds" parameterType="String">
        delete from tb_category where id in 
        <foreach item="id" collection="array" open="(" separator="," close=")">
            #{id}
        </foreach>
    </delete>
</mapper>