<?xml version="1.0" encoding="UTF-8" ?>
<!DOCTYPE mapper
PUBLIC "-//mybatis.org//DTD Mapper 3.0//EN"
"http://mybatis.org/dtd/mybatis-3-mapper.dtd">
<mapper namespace="com.ruoyi.manage.mapper.TbRegionMapper">
    
    <resultMap type="TbRegion" id="TbRegionResult">
        <result property="id"    column="id"    />
        <result property="regionName"    column="region_name"    />
        <result property="createTime"    column="create_time"    />
        <result property="dateTime"    column="date_time"    />
        <result property="createBy"    column="create_by"    />
        <result property="updateBy"    column="update_by"    />
        <result property="remark"    column="remark"    />
    </resultMap>

    <sql id="selectTbRegionVo">
        select id, region_name, create_time, date_time, create_by, update_by, remark from tb_region
    </sql>

    <select id="selectTbRegionList" parameterType="TbRegion" resultMap="TbRegionResult">
        <include refid="selectTbRegionVo"/>
        <where>  
            <if test="regionName != null  and regionName != ''"> and region_name like concat('%', #{regionName}, '%')</if>
        </where>
    </select>
    
    <select id="selectTbRegionById" parameterType="Long" resultMap="TbRegionResult">
        <include refid="selectTbRegionVo"/>
        where id = #{id}
    </select>

    <insert id="insertTbRegion" parameterType="TbRegion" useGeneratedKeys="true" keyProperty="id">
        insert into tb_region
        <trim prefix="(" suffix=")" suffixOverrides=",">
            <if test="regionName != null and regionName != ''">region_name,</if>
            <if test="createTime != null">create_time,</if>
            <if test="dateTime != null">date_time,</if>
            <if test="createBy != null">create_by,</if>
            <if test="updateBy != null">update_by,</if>
            <if test="remark != null">remark,</if>
         </trim>
        <trim prefix="values (" suffix=")" suffixOverrides=",">
            <if test="regionName != null and regionName != ''">#{regionName},</if>
            <if test="createTime != null">#{createTime},</if>
            <if test="dateTime != null">#{dateTime},</if>
            <if test="createBy != null">#{createBy},</if>
            <if test="updateBy != null">#{updateBy},</if>
            <if test="remark != null">#{remark},</if>
         </trim>
    </insert>

    <update id="updateTbRegion" parameterType="TbRegion">
        update tb_region
        <trim prefix="SET" suffixOverrides=",">
            <if test="regionName != null and regionName != ''">region_name = #{regionName},</if>
            <if test="createTime != null">create_time = #{createTime},</if>
            <if test="dateTime != null">date_time = #{dateTime},</if>
            <if test="createBy != null">create_by = #{createBy},</if>
            <if test="updateBy != null">update_by = #{updateBy},</if>
            <if test="remark != null">remark = #{remark},</if>
        </trim>
        where id = #{id}
    </update>

    <delete id="deleteTbRegionById" parameterType="Long">
        delete from tb_region where id = #{id}
    </delete>

    <delete id="deleteTbRegionByIds" parameterType="String">
        delete from tb_region where id in 
        <foreach item="id" collection="array" open="(" separator="," close=")">
            #{id}
        </foreach>
    </delete>
</mapper>